CREATE DATABASE  IF NOT EXISTS `huisartsen` /*!40100 DEFAULT CHARACTER SET latin1 */;
USE `huisartsen`;
-- MySQL dump 10.13  Distrib 5.7.20, for Linux (x86_64)
--
-- Host: 127.0.0.1    Database: huisartsen
-- ------------------------------------------------------
-- Server version	5.5.5-10.2.14-MariaDB

/*!40101 SET @OLD_CHARACTER_SET_CLIENT=@@CHARACTER_SET_CLIENT */;
/*!40101 SET @OLD_CHARACTER_SET_RESULTS=@@CHARACTER_SET_RESULTS */;
/*!40101 SET @OLD_COLLATION_CONNECTION=@@COLLATION_CONNECTION */;
/*!40101 SET NAMES utf8 */;
/*!40103 SET @OLD_TIME_ZONE=@@TIME_ZONE */;
/*!40103 SET TIME_ZONE='+00:00' */;
/*!40014 SET @OLD_UNIQUE_CHECKS=@@UNIQUE_CHECKS, UNIQUE_CHECKS=0 */;
/*!40014 SET @OLD_FOREIGN_KEY_CHECKS=@@FOREIGN_KEY_CHECKS, FOREIGN_KEY_CHECKS=0 */;
/*!40101 SET @OLD_SQL_MODE=@@SQL_MODE, SQL_MODE='NO_AUTO_VALUE_ON_ZERO' */;
/*!40111 SET @OLD_SQL_NOTES=@@SQL_NOTES, SQL_NOTES=0 */;

--
-- Table structure for table `diagnose`
--

DROP TABLE IF EXISTS `diagnose`;
/*!40101 SET @saved_cs_client     = @@character_set_client */;
/*!40101 SET character_set_client = utf8 */;
CREATE TABLE `diagnose` (
  `id` int(11) NOT NULL AUTO_INCREMENT,
  `gender` tinyint(1) NOT NULL,
  `age` int(11) NOT NULL,
  `disease_id` int(11) NOT NULL,
  PRIMARY KEY (`id`),
  KEY `disease_id` (`disease_id`),
  CONSTRAINT `diagnose_ibfk_1` FOREIGN KEY (`disease_id`) REFERENCES `disease` (`id`) ON DELETE CASCADE ON UPDATE CASCADE,
  CONSTRAINT `CONSTRAINT_1` CHECK (`gender` in (0,1))
) ENGINE=InnoDB AUTO_INCREMENT=201 DEFAULT CHARSET=latin1;
/*!40101 SET character_set_client = @saved_cs_client */;

--
-- Dumping data for table `diagnose`
--

LOCK TABLES `diagnose` WRITE;
/*!40000 ALTER TABLE `diagnose` DISABLE KEYS */;
INSERT INTO `diagnose` VALUES (1,1,18,1),(2,0,23,1),(3,1,23,1),(4,0,14,1),(5,1,25,1),(6,0,7,1),(7,1,45,1),(8,0,32,1),(9,1,52,1),(10,0,30,1),(11,1,11,1),(12,0,52,1),(13,1,15,1),(14,0,70,1),(15,1,32,1),(16,0,64,1),(17,1,23,1),(18,0,37,1),(19,1,43,1),(20,0,53,1),(21,1,12,1),(22,0,16,1),(23,1,11,1),(24,0,67,1),(25,1,42,1),(26,0,11,1),(27,1,6,1),(28,0,6,1),(29,1,5,1),(30,0,9,1),(31,1,22,1),(32,0,25,1),(33,1,52,1),(34,0,58,1),(35,1,18,1),(36,0,43,1),(37,1,48,1),(38,0,24,1),(39,1,17,1),(40,0,11,1),(41,1,43,2),(42,0,22,2),(43,1,25,2),(44,0,26,2),(45,1,7,2),(46,0,54,2),(47,1,44,2),(48,0,74,2),(49,1,21,2),(50,0,52,2),(51,1,43,2),(52,0,34,2),(53,1,23,2),(54,0,64,2),(55,1,43,2),(56,0,22,2),(57,1,11,2),(58,0,45,2),(59,1,87,2),(60,0,65,2),(61,1,32,2),(62,0,33,2),(63,1,51,2),(64,0,28,2),(65,1,25,2),(66,0,19,2),(67,1,37,2),(68,0,22,2),(69,1,21,2),(70,0,12,2),(71,1,8,2),(72,0,9,2),(73,1,11,2),(74,0,34,2),(75,1,21,2),(76,0,76,2),(77,1,66,2),(78,0,51,2),(79,1,17,2),(80,0,26,2),(81,1,45,3),(82,0,42,3),(83,1,32,3),(84,0,23,3),(85,1,22,3),(86,0,12,3),(87,1,75,3),(88,0,46,3),(89,1,48,3),(90,0,31,3),(91,1,17,3),(92,0,19,3),(93,1,21,3),(94,0,22,3),(95,1,26,3),(96,0,64,3),(97,1,61,3),(98,0,91,3),(99,1,82,3),(100,0,74,3),(101,1,12,3),(102,0,22,3),(103,1,23,3),(104,0,51,3),(105,1,14,3),(106,0,8,3),(107,1,33,3),(108,0,5,3),(109,1,11,3),(110,0,67,3),(111,1,28,3),(112,0,19,3),(113,1,20,3),(114,0,41,3),(115,1,31,3),(116,0,68,3),(117,1,76,3),(118,0,23,3),(119,1,59,3),(120,0,22,3),(121,1,6,4),(122,0,3,4),(123,1,22,4),(124,0,23,4),(125,1,52,4),(126,0,2,4),(127,1,62,4),(128,0,23,4),(129,1,4,4),(130,0,55,4),(131,1,42,4),(132,0,22,4),(133,1,8,4),(134,0,11,4),(135,1,62,4),(136,0,42,4),(137,1,46,4),(138,0,64,4),(139,1,12,4),(140,0,42,4),(141,1,55,4),(142,0,5,4),(143,1,41,4),(144,0,8,4),(145,1,8,4),(146,0,9,4),(147,1,9,4),(148,0,29,4),(149,1,12,4),(150,0,17,4),(151,1,5,4),(152,0,19,4),(153,1,34,4),(154,0,8,4),(155,1,9,4),(156,0,32,4),(157,1,7,4),(158,0,6,4),(159,1,45,4),(160,0,76,4),(161,1,12,5),(162,0,25,5),(163,1,7,5),(164,0,66,5),(165,1,33,5),(166,0,22,5),(167,1,11,5),(168,0,8,5),(169,1,23,5),(170,0,24,5),(171,1,5,5),(172,0,62,5),(173,1,12,5),(174,0,23,5),(175,1,3,5),(176,0,12,5),(177,1,23,5),(178,0,43,5),(179,1,12,5),(180,0,6,5),(181,1,23,5),(182,0,22,5),(183,1,61,5),(184,0,51,5),(185,1,31,5),(186,0,32,5),(187,1,51,5),(188,0,19,5),(189,1,17,5),(190,0,21,5),(191,1,51,5),(192,0,42,5),(193,1,85,5),(194,0,37,5),(195,1,21,5),(196,0,36,5),(197,1,25,5),(198,0,53,5),(199,1,43,5),(200,0,12,5);
/*!40000 ALTER TABLE `diagnose` ENABLE KEYS */;
UNLOCK TABLES;

--
-- Table structure for table `diagnose_symptoms`
--

DROP TABLE IF EXISTS `diagnose_symptoms`;
/*!40101 SET @saved_cs_client     = @@character_set_client */;
/*!40101 SET character_set_client = utf8 */;
CREATE TABLE `diagnose_symptoms` (
  `diagnose_id` int(11) NOT NULL,
  `symptom_id` int(11) NOT NULL,
  KEY `diagnose_id` (`diagnose_id`),
  KEY `symptom_id` (`symptom_id`),
  CONSTRAINT `diagnose_symptoms_ibfk_1` FOREIGN KEY (`diagnose_id`) REFERENCES `diagnose` (`id`) ON DELETE CASCADE ON UPDATE CASCADE,
  CONSTRAINT `diagnose_symptoms_ibfk_2` FOREIGN KEY (`symptom_id`) REFERENCES `symptom` (`id`) ON DELETE CASCADE ON UPDATE CASCADE
) ENGINE=InnoDB DEFAULT CHARSET=latin1;
/*!40101 SET character_set_client = @saved_cs_client */;

--
-- Dumping data for table `diagnose_symptoms`
--

LOCK TABLES `diagnose_symptoms` WRITE;
/*!40000 ALTER TABLE `diagnose_symptoms` DISABLE KEYS */;
INSERT INTO `diagnose_symptoms` VALUES (1,8),(1,11),(2,1),(2,8),(2,11),(3,3),(3,8),(3,11),(4,1),(4,3),(4,8),(4,11),(5,1),(5,8),(5,11),(6,1),(6,8),(6,11),(7,3),(7,8),(8,8),(8,11),(9,1),(9,3),(9,11),(10,1),(10,8),(10,11),(11,1),(11,8),(12,1),(12,3),(12,8),(12,11),(13,8),(13,11),(14,1),(14,3),(14,8),(14,11),(15,1),(15,3),(15,8),(16,8),(16,11),(17,1),(17,3),(18,1),(18,8),(18,11),(19,1),(19,3),(19,8),(20,8),(20,11),(21,1),(21,8),(21,11),(22,3),(22,8),(23,1),(23,8),(23,11),(24,1),(24,3),(25,1),(25,11),(26,1),(26,3),(26,11),(27,1),(27,8),(27,11),(28,1),(28,8),(28,11),(29,1),(29,8),(29,11),(30,1),(30,3),(30,11),(31,3),(31,8),(32,3),(32,8),(32,11),(33,1),(33,8),(33,11),(34,1),(34,8),(34,11),(35,1),(35,3),(35,8),(35,11),(36,3),(36,8),(36,11),(37,1),(37,8),(38,8),(38,11),(39,1),(39,8),(39,11),(40,1),(40,8),(40,11),(41,3),(41,4),(41,13),(42,3),(42,4),(42,7),(42,11),(42,13),(43,3),(43,7),(43,11),(44,4),(44,11),(44,13),(45,4),(45,11),(46,3),(46,7),(47,3),(47,4),(47,7),(47,11),(47,13),(48,7),(48,13),(49,4),(49,11),(50,3),(50,4),(50,7),(50,11),(51,3),(51,7),(51,11),(52,4),(52,7),(53,3),(53,4),(53,11),(53,13),(54,3),(54,4),(54,7),(54,11),(54,13),(55,4),(55,7),(55,11),(56,4),(56,7),(56,11),(56,13),(57,3),(57,4),(58,3),(58,7),(59,4),(59,11),(59,13),(60,4),(60,7),(60,13),(61,3),(61,4),(61,13),(62,3),(62,4),(62,7),(62,11),(63,3),(63,4),(63,7),(63,13),(64,3),(64,4),(64,11),(65,3),(65,4),(65,11),(65,13),(66,3),(66,4),(66,7),(66,11),(67,3),(67,4),(67,7),(68,3),(68,4),(68,7),(68,11),(68,13),(69,3),(69,4),(69,7),(69,13),(70,3),(70,4),(71,3),(71,4),(71,11),(71,13),(72,3),(72,4),(72,7),(72,11),(72,13),(73,3),(73,7),(73,13),(74,4),(74,7),(74,11),(74,13),(75,4),(75,7),(75,11),(75,13),(76,3),(76,7),(76,11),(76,13),(77,4),(77,7),(77,11),(78,4),(78,11),(78,13),(79,4),(79,11),(79,13),(80,3),(80,7),(80,11),(81,3),(81,7),(81,13),(81,15),(82,2),(82,5),(82,6),(82,13),(82,15),(83,2),(83,3),(83,6),(83,7),(84,3),(84,5),(84,6),(84,7),(84,15),(85,2),(85,5),(85,6),(86,2),(86,3),(86,5),(86,6),(86,13),(86,15),(87,2),(87,3),(87,6),(87,13),(88,5),(88,7),(88,15),(89,5),(89,7),(90,2),(90,5),(90,7),(90,13),(90,15),(91,3),(91,5),(91,6),(91,7),(91,15),(92,3),(92,5),(92,7),(92,13),(92,15),(93,2),(93,3),(93,7),(93,15),(94,2),(94,3),(94,5),(94,6),(94,13),(95,6),(95,7),(95,13),(96,3),(96,5),(97,7),(97,13),(98,2),(98,6),(98,7),(99,3),(99,5),(99,6),(99,15),(100,3),(100,5),(100,13),(100,15),(101,2),(101,3),(101,5),(101,7),(101,13),(102,3),(102,5),(102,7),(103,3),(103,5),(103,7),(103,13),(104,2),(104,3),(104,5),(104,6),(104,7),(104,13),(104,15),(105,2),(105,3),(105,6),(105,7),(105,13),(106,2),(106,15),(107,5),(107,6),(107,7),(107,15),(108,2),(108,5),(108,15),(109,5),(109,6),(109,7),(109,13),(110,2),(110,5),(110,6),(111,3),(111,7),(111,15),(112,2),(112,3),(112,6),(112,7),(112,13),(113,3),(113,5),(113,6),(113,15),(114,2),(114,5),(114,7),(115,2),(115,3),(115,6),(116,3),(116,6),(116,13),(117,3),(117,6),(117,13),(117,15),(118,2),(118,3),(118,5),(118,6),(119,5),(119,7),(120,3),(120,5),(120,6),(120,15),(121,2),(121,5),(121,7),(121,9),(121,12),(122,2),(122,5),(122,7),(122,9),(122,14),(123,2),(123,3),(123,7),(123,8),(123,14),(124,3),(124,5),(124,8),(124,14),(125,2),(125,3),(125,5),(125,7),(125,8),(126,3),(126,5),(126,7),(126,9),(126,12),(127,3),(127,5),(127,8),(127,12),(127,14),(128,2),(128,3),(128,7),(128,12),(129,3),(129,5),(129,9),(129,14),(130,5),(130,7),(130,8),(131,2),(131,3),(131,8),(131,14),(132,2),(132,7),(132,12),(133,2),(133,7),(133,8),(133,14),(134,5),(134,8),(134,12),(135,3),(135,7),(135,14),(136,2),(136,5),(136,7),(136,12),(137,3),(137,5),(137,8),(137,12),(137,14),(138,3),(138,5),(138,7),(138,8),(138,12),(138,14),(139,2),(139,5),(139,7),(139,8),(139,12),(139,14),(140,2),(140,3),(140,5),(140,7),(140,12),(141,3),(141,5),(141,6),(141,12),(141,14),(142,3),(142,5),(142,6),(142,7),(142,9),(142,14),(143,3),(143,5),(143,6),(143,12),(143,14),(144,3),(144,5),(144,7),(144,9),(144,12),(144,14),(145,3),(145,5),(145,9),(145,12),(146,3),(146,5),(146,7),(146,9),(146,12),(147,7),(147,9),(147,12),(147,14),(148,2),(148,7),(148,8),(148,12),(149,2),(149,3),(149,5),(149,6),(149,8),(149,9),(149,12),(149,14),(150,8),(150,12),(150,14),(151,3),(151,5),(151,6),(151,7),(151,8),(151,9),(151,14),(152,5),(152,6),(152,8),(152,12),(153,5),(153,7),(153,8),(153,12),(154,2),(154,3),(154,5),(154,7),(154,9),(155,2),(155,3),(155,5),(155,9),(155,14),(156,3),(156,12),(157,2),(157,3),(157,5),(157,7),(157,8),(157,9),(157,12),(157,14),(158,5),(158,9),(158,12),(159,3),(159,5),(159,8),(160,5),(160,7),(160,8),(160,14),(161,2),(161,3),(161,6),(161,10),(161,13),(162,5),(162,6),(162,10),(162,14),(162,15),(163,2),(163,5),(163,7),(163,14),(163,15),(164,5),(164,6),(164,10),(164,13),(165,3),(165,5),(165,6),(165,13),(165,15),(166,5),(166,14),(167,2),(167,14),(168,2),(168,6),(168,7),(168,10),(168,15),(169,2),(169,5),(169,10),(169,14),(170,3),(170,6),(170,13),(170,14),(170,15),(171,3),(171,6),(171,7),(171,10),(171,15),(172,5),(172,10),(172,14),(172,15),(173,2),(173,3),(173,5),(173,6),(173,10),(174,2),(174,5),(174,6),(174,13),(174,15),(175,5),(175,7),(175,13),(175,14),(176,2),(176,3),(176,6),(176,15),(177,5),(177,6),(177,10),(177,13),(178,2),(178,5),(178,13),(179,2),(179,6),(179,13),(179,15),(180,2),(180,3),(180,5),(180,6),(180,7),(180,10),(180,15),(181,3),(181,5),(181,6),(181,7),(181,10),(181,14),(181,15),(182,2),(182,3),(182,5),(182,6),(182,7),(182,10),(182,14),(182,15),(183,2),(183,3),(183,5),(183,6),(183,10),(183,14),(184,2),(184,3),(184,5),(184,6),(184,10),(184,14),(184,15),(185,2),(185,3),(185,6),(185,7),(185,10),(185,14),(185,15),(186,2),(186,6),(186,10),(186,14),(186,15),(187,2),(187,5),(187,6),(187,10),(188,6),(188,10),(188,13),(188,14),(188,15),(189,3),(189,5),(189,6),(189,7),(189,10),(189,13),(189,15),(190,6),(190,10),(190,14),(190,15),(191,2),(191,5),(191,7),(191,10),(191,13),(192,3),(192,5),(192,6),(192,10),(192,13),(192,15),(193,2),(193,6),(193,10),(193,15),(194,2),(194,3),(194,5),(194,6),(194,15),(195,3),(195,5),(195,6),(195,13),(195,15),(196,5),(196,7),(196,10),(196,15),(197,3),(197,5),(197,6),(197,15),(198,3),(198,6),(198,7),(198,10),(198,13),(198,15),(199,3),(199,5),(199,6),(199,7),(199,10),(199,13),(199,15),(200,2),(200,3),(200,5),(200,6),(200,7),(200,15);
/*!40000 ALTER TABLE `diagnose_symptoms` ENABLE KEYS */;
UNLOCK TABLES;

--
-- Table structure for table `disease`
--

DROP TABLE IF EXISTS `disease`;
/*!40101 SET @saved_cs_client     = @@character_set_client */;
/*!40101 SET character_set_client = utf8 */;
CREATE TABLE `disease` (
  `id` int(11) NOT NULL AUTO_INCREMENT,
  `name` varchar(80) NOT NULL,
  PRIMARY KEY (`id`),
  UNIQUE KEY `name` (`name`)
) ENGINE=InnoDB AUTO_INCREMENT=6 DEFAULT CHARSET=latin1;
/*!40101 SET character_set_client = @saved_cs_client */;

--
-- Dumping data for table `disease`
--

LOCK TABLES `disease` WRITE;
/*!40000 ALTER TABLE `disease` DISABLE KEYS */;
INSERT INTO `disease` VALUES (1,'Astma'),(2,'Bronchitis'),(3,'Griep'),(4,'Longontsteking'),(5,'Verkoudheid');
/*!40000 ALTER TABLE `disease` ENABLE KEYS */;
UNLOCK TABLES;

--
-- Table structure for table `symptom`
--

DROP TABLE IF EXISTS `symptom`;
/*!40101 SET @saved_cs_client     = @@character_set_client */;
/*!40101 SET character_set_client = utf8 */;
CREATE TABLE `symptom` (
  `id` int(11) NOT NULL AUTO_INCREMENT,
  `name` varchar(80) NOT NULL,
  PRIMARY KEY (`id`),
  UNIQUE KEY `name` (`name`)
) ENGINE=InnoDB AUTO_INCREMENT=16 DEFAULT CHARSET=latin1;
/*!40101 SET character_set_client = @saved_cs_client */;

--
-- Dumping data for table `symptom`
--

LOCK TABLES `symptom` WRITE;
/*!40000 ALTER TABLE `symptom` DISABLE KEYS */;
INSERT INTO `symptom` VALUES (1,'Benauwdheid'),(2,'Gebrek aan eetlust'),(3,'Hoesten'),(4,'Hoge slijmproductie'),(5,'Hoofdpijn'),(6,'Keelpijn'),(7,'Koorts'),(8,'Kortademig'),(9,'Neusvleugelen'),(10,'Niezen'),(11,'Piepende ademhaling'),(12,'Pijn bij borst'),(13,'Spierpijn'),(14,'Vermoeidheid'),(15,'Verstopte Neus');
/*!40000 ALTER TABLE `symptom` ENABLE KEYS */;
UNLOCK TABLES;

--
-- Dumping events for database 'huisartsen'
--

--
-- Dumping routines for database 'huisartsen'
--
/*!40103 SET TIME_ZONE=@OLD_TIME_ZONE */;

/*!40101 SET SQL_MODE=@OLD_SQL_MODE */;
/*!40014 SET FOREIGN_KEY_CHECKS=@OLD_FOREIGN_KEY_CHECKS */;
/*!40014 SET UNIQUE_CHECKS=@OLD_UNIQUE_CHECKS */;
/*!40101 SET CHARACTER_SET_CLIENT=@OLD_CHARACTER_SET_CLIENT */;
/*!40101 SET CHARACTER_SET_RESULTS=@OLD_CHARACTER_SET_RESULTS */;
/*!40101 SET COLLATION_CONNECTION=@OLD_COLLATION_CONNECTION */;
/*!40111 SET SQL_NOTES=@OLD_SQL_NOTES */;

-- Dump completed on 2018-06-05 15:19:02
